id,name,display_name_ko,brand,category,country,ingredients,claims,suited_skin_types,concerns,avoid_for,price_usd,rating,review_count,source_url,ingredient_source_url,verified_at,image_url,image_verified_source,image_source_type,image_confidence,image_view_type,oliveyoung_url,oliveyoung_price_krw,official_url,texture_tags,oliveyoung_verified_at
cosrx-low-ph-good-morning-gel-cleanser,COSRX Low pH Good Morning Gel Cleanser,COSRX 약산성 굿모닝 젤 클렌저,COSRX,cleanser,Korea,Water|Cocamidopropyl Betaine|Sodium Lauroyl Methyl Isethionate|Butylene Glycol|Tea Tree Leaf Oil|Allantoin|Betaine Salicylate|Citric Acid,low pH|gel cleanser|lightweight,oily|combination|normal,oil_control|acne|clogged_pores,,12.0,4.2,189,https://www.cosrx.com/products/low-ph-good-morning-gel-cleanser,https://incidecoder.com/products/cosrx-low-ph-good-morning-gel-cleanser,2026-05-04,https://cdn.shopify.com/s/files/1/0513/3775/6828/files/low-ph-good-morning-gel-cleanser-cosrx-official-1.jpg?v=1768785801,https://www.cosrx.com/products/low-ph-good-morning-gel-cleanser,official,verified,single_product,https://www.oliveyoung.co.kr/store/search/getSearchMain.do?query=COSRX%20%EB%A1%9C%EC%9A%B0%20pH%20%EA%B5%BF%EB%AA%A8%EB%8B%9D%20%EC%A0%A4%20%ED%81%B4%EB%A0%8C%EC%A0%80,14000,https://www.cosrx.com/products/low-ph-good-morning-gel-cleanser,gel|lightweight,2026-05-10 00:00 KST
anua-heartleaf-77-soothing-toner,Anua Heartleaf 77% Soothing Toner,아누아 어성초 77 수딩 토너,Anua,toner,Korea,Houttuynia Cordata Extract|Water|Glycerin|Betaine|Panthenol|Portulaca Oleracea Extract|Butylene Glycol|Centella Asiatica Extract,soothing|fragrance-free|watery,sensitive|oily|combination|normal,redness|barrier_support|hydration,,22.0,4.24,1391,https://anua.com/products/heartleaf-77-soothing-toner,https://incidecoder.com/products/anua-heartleaf-77-soothing-toner,2026-05-04,https://cdn.shopify.com/s/files/1/0753/1429/9158/files/anua-us-toner-heartleaf-77-soothing-toner-1161173062.png?v=1746609345,https://anua.com/products/heartleaf-77-soothing-toner,official,verified,single_product,https://www.oliveyoung.co.kr/store/search/getSearchMain.do?query=%EC%95%84%EB%88%84%EC%95%84%20%EC%96%B4%EC%84%B1%EC%B4%8877%20%EC%88%98%EB%94%A9%20%ED%86%A0%EB%84%88,26000,https://anua.com/products/heartleaf-77-soothing-toner,watery|lightweight|dewy,2026-05-10 00:00 KST
etude-soonjung-2x-barrier-intensive-cream,ETUDE SoonJung 2x Barrier Intensive Cream,에뛰드 순정 2x 베리어 인텐시브 크림,ETUDE,moisturizer,Korea,Water|Glycerin|Panthenol|Madecassoside|Shea Butter|Sunflower Seed Oil,barrier support|fragrance-free|rich texture,dry|sensitive|normal|combination,barrier_support|hydration|redness|dryness,oily,18.0,4.5,820,https://www.ulta.com/p/soonjung-2x-barrier-intensive-cream-pimprod2049666,https://incidecoder.com/products/etude-house-soon-jung-2x-barrier-intensive-cream,2026-05-04,https://dn5hzapyfrpio.cloudfront.net/product/553/5535e270-8dd4-11eb-b775-2b7416b0ba6a.jpeg,https://glowpick.co.kr/product/89298,glowpick,verified,single_product,https://www.oliveyoung.co.kr/store/search/getSearchMain.do?query=%EC%97%90%EB%9B%B0%EB%93%9C%20%EC%88%9C%EC%A0%95%202x%20%EB%B2%A0%EB%A6%AC%EC%96%B4%20%EC%9D%B8%ED%85%90%EC%8B%9C%EB%B8%8C%20%ED%81%AC%EB%A6%BC,23000,https://www.etude.com/int/en/index.php/soonjung-2x-barrier-intensive-cream-60ml-21ad.html,rich|cream|dewy,2026-05-10 00:00 KST
skin1004-madagascar-centella-ampoule,SKIN1004 Madagascar Centella Ampoule,스킨1004 마다가스카르 센텔라 앰플,SKIN1004,serum,Korea,Water|Glycerin|Butylene Glycol|Centella Asiatica Extract,minimal formula|fragrance-free|watery,sensitive|combination|normal|dry,redness|barrier_support|hydration,,17.0,4.6,2100,https://www.skin1004.com/products/skin1004-madagascar-centella-ampoule,https://incidecoder.com/products/skin1004-madagascar-centella-ampoule,2026-05-04,https://cdn.shopify.com/s/files/1/0590/4538/0253/products/skin1004-ampoule-serum-centella-ampoule-38642800132342.png?v=1677148695,https://www.skin1004.com/products/skin1004-madagascar-centella-ampoule,official,verified,single_product,https://www.oliveyoung.co.kr/store/search/getSearchMain.do?query=%EC%8A%A4%ED%82%A81004%20%EB%A7%88%EB%8B%A4%EA%B0%80%EC%8A%A4%EC%B9%B4%EB%A5%B4%20%EC%84%BC%ED%85%94%EB%9D%BC%20%EC%95%B0%ED%94%8C,23000,https://www.skin1004.com/products/skin1004-madagascar-centella-ampoule,watery|lightweight,2026-05-10 00:00 KST
isntree-hyaluronic-acid-watery-sun-gel,Isntree Hyaluronic Acid Watery Sun Gel,이즈앤트리 히알루론산 워터리 선 젤,Isntree,sunscreen,Korea,Water|Butylene Glycol|Niacinamide|Ceramide NP|Centella Asiatica Extract|Glycerin|Sodium Hyaluronate|Hyaluronic Acid,spf50|hydrating|watery,dry|normal|combination|oily,hydration|barrier_support|hyperpigmentation,,24.0,4.5,1600,https://isntree-global.com/products/isntree-hyaluronic-acid-watery-sun-gel-50ml,https://incidecoder.com/products/isntree-hyaluronic-acid-watery-sun-gel-spf50-2025,2026-05-04,https://cdn.shopify.com/s/files/1/0685/1762/5926/files/Thum_Hyaluronic_Acid_Watery_Sun_Gel.png?v=1776406101,https://isntree-global.com/products/isntree-hyaluronic-acid-watery-sun-gel-50ml,official,verified,single_product,https://www.oliveyoung.co.kr/store/search/getSearchMain.do?query=%EC%9D%B4%EC%A6%88%EC%95%A4%ED%8A%B8%EB%A6%AC%20%ED%9E%88%EC%95%8C%EB%A3%A8%EB%A1%A0%EC%82%B0%20%EC%9B%8C%ED%84%B0%EB%A6%AC%20%EC%84%A0%EC%A0%A4,18900,https://isntree-global.com/products/isntree-hyaluronic-acid-watery-sun-gel-50ml,watery|lightweight|dewy,2026-05-10 00:00 KST
cosrx-advanced-snail-96-mucin-power-essence,COSRX Advanced Snail 96 Mucin Power Essence,COSRX 어드밴스드 스네일 96 뮤신 파워 에센스,COSRX,serum,Korea,Snail Secretion Filtrate|Betaine|Panthenol|Sodium Hyaluronate|Allantoin,hydration|barrier support|light serum texture,dry|sensitive|normal|combination,hydration|barrier_support|redness,snail_allergy,25.0,4.4,2400,https://www.cosrx.com/products/advanced-snail-96-mucin-power-essence,https://incidecoder.com/products/cosrx-advanced-snail-96-mucin-power-essence,2026-05-04,https://cdn.shopify.com/s/files/1/0513/3775/6828/files/advanced-snail-96-mucin-power-essence-cosrx-official-10.jpg?v=1763111577,https://www.cosrx.com/products/advanced-snail-96-mucin-power-essence,official,verified,single_product,https://www.oliveyoung.co.kr/store/search/getSearchMain.do?query=COSRX%20%EC%8A%A4%EB%82%98%EC%9D%BC%2096%20%EB%AE%A4%EC%8B%A0%20%EC%97%90%EC%84%BC%EC%8A%A4,24000,https://www.cosrx.com/products/advanced-snail-96-mucin-power-essence,lightweight|dewy,2026-05-10 00:00 KST
beauty-of-joseon-relief-sun-rice-probiotics,Beauty of Joseon Relief Sun Rice + Probiotics,조선미녀 맑은쌀 선크림,Beauty of Joseon,sunscreen,Korea,Rice Extract|Glycerin|Niacinamide|Green Tea Extract|Probiotic Ferment,spf50|daily sunscreen|hydrating,normal|dry|combination,hydration|barrier_support|hyperpigmentation,,18.0,4.6,3100,https://incidecoder.com/products/beauty-of-joseon-relief-sun,https://incidecoder.com/products/beauty-of-joseon-relief-sun,2026-05-04,https://beautyofjoseon.com/cdn/shop/files/1_a04fd9eb-14cf-44a0-99df-f43b748820f1.png?v=1738453603,https://beautyofjoseon.com/products/relief-sun-rice-probiotics,official,verified,single_product,https://www.oliveyoung.co.kr/store/search/getSearchMain.do?query=%EC%A1%B0%EC%84%A0%EB%AF%B8%EB%85%80%20%EB%A7%91%EC%9D%80%EC%8C%80%20%EC%84%A0%ED%81%AC%EB%A6%BC,18000,https://beautyofjoseon.com/products/relief-sun-rice-probiotics,cream|dewy,2026-05-10 00:00 KST
axis-y-dark-spot-correcting-glow-serum,AXIS-Y Dark Spot Correcting Glow Serum,액시스와이 다크 스팟 코렉팅 글로우 세럼,AXIS-Y,serum,Korea,Water|Niacinamide|Squalane|Rice Bran Extract|Calendula Extract|Papaya Extract|Sea Buckthorn Extract|Allantoin,tone care|glow|light serum,oily|combination|normal,hyperpigmentation|barrier_support,sensitive,22.0,4.3,980,https://www.axis-y.com/products/dark-spot-correcting-glow-serum,https://incidecoder.com/products/axis-y-dark-spot-correcting-glow-serum,2026-05-04,https://cdn.shopify.com/s/files/1/0578/0157/2530/files/Glow_Serum.png?v=1758164930,https://www.axis-y.com/products/dark-spot-correcting-glow-serum,official,verified,single_product,https://www.oliveyoung.co.kr/store/search/getSearchMain.do?query=AXIS-Y%20%EB%8B%A4%ED%81%AC%EC%8A%A4%ED%8C%9F%20%EA%B8%80%EB%A1%9C%EC%9A%B0%20%EC%84%B8%EB%9F%BC,24000,https://www.axis-y.com/products/dark-spot-correcting-glow-serum,lightweight|dewy,2026-05-10 00:00 KST
round-lab-1025-dokdo-cleanser,Round Lab 1025 Dokdo Cleanser,라운드랩 1025 독도 클렌저,Round Lab,cleanser,Korea,Water|Glycerin|Sodium Cocoyl Isethionate|Cocamidopropyl Betaine|Sea Water|Panthenol|Allantoin|Ceramide NP,low pH|foam cleanser|gentle,oily|combination|normal|sensitive,oil_control|hydration|barrier_support,,15.0,4.5,1800,https://roundlab.com/products/1025-dokdo-cleanser,https://incidecoder.com/products/round-lab-1025-dokdo-cleanser,2026-05-12,https://roundlab.com/cdn/shop/files/Dokdo_cleanser_renewed.webp?v=1772852868,https://roundlab.com/products/1025-dokdo-cleanser,official,verified,single_product,https://www.oliveyoung.co.kr/store/search/getSearchMain.do?query=%EB%9D%BC%EC%9A%B4%EB%93%9C%EB%9E%A9%201025%20%EB%8F%85%EB%8F%84%20%ED%81%B4%EB%A0%8C%EC%A0%80,15000,https://roundlab.com/products/1025-dokdo-cleanser,foam|lightweight,2026-05-12 00:00 KST
manyo-pure-cleansing-oil,ma:nyo Pure Cleansing Oil,마녀공장 퓨어 클렌징 오일,ma:nyo,cleanser,Korea,Ethylhexyl Palmitate|Sorbeth-30 Tetraoleate|Caprylic/Capric Triglyceride|Oryza Sativa Bran Oil|Jojoba Seed Oil|Tea Tree Leaf Oil,cleansing oil|makeup removal|lightweight,oily|combination|normal|dry,oil_control|clogged_pores,sensitive,29.0,4.6,2200,https://manyo.us/products/pure-cleansing-oil,https://incidecoder.com/products/manyo-factory-pure-cleansing-oil,2026-05-12,https://manyo.us/cdn/shop/files/Screenshot_2025-10-13_at_2.50.12_PM.png?v=1760392230,https://manyo.us/products/pure-cleansing-oil,official,verified,single_product,https://www.oliveyoung.co.kr/store/search/getSearchMain.do?query=%EB%A7%88%EB%85%80%EA%B3%B5%EC%9E%A5%20%ED%93%A8%EC%96%B4%20%ED%81%B4%EB%A0%8C%EC%A7%95%20%EC%98%A4%EC%9D%BC,29000,https://manyo.us/products/pure-cleansing-oil,oil|lightweight,2026-05-12 00:00 KST
banila-co-clean-it-zero-cleansing-balm,Banila Co Clean It Zero Cleansing Balm Original,바닐라코 클린잇제로 클렌징밤 오리지널,Banila Co,cleanser,Korea,Ethylhexyl Palmitate|Cetyl Ethylhexanoate|PEG-20 Glyceryl Triisostearate|Butylene Glycol|Papaya Extract|Acerola Extract,cleansing balm|makeup removal|sherbet texture,normal|combination|dry,clogged_pores|oil_control|texture,sensitive,22.0,4.5,2600,https://banilausa.com/products/clean-it-zero-cleansing-balm-original,https://incidecoder.com/products/banila-co-clean-it-zero-cleansing-balm-original,2026-05-12,https://banilausa.com/cdn/shop/files/180ml01.jpg?v=1775637077,https://banilausa.com/products/clean-it-zero-cleansing-balm-original,official,verified,single_product,https://www.oliveyoung.co.kr/store/search/getSearchMain.do?query=%EB%B0%94%EB%8B%90%EB%9D%BC%EC%BD%94%20%ED%81%B4%EB%A6%B0%EC%9E%87%EC%A0%9C%EB%A1%9C%20%ED%81%B4%EB%A0%8C%EC%A7%95%EB%B0%A4,22000,https://banilausa.com/products/clean-it-zero-cleansing-balm-original,balm|rich,2026-05-12 00:00 KST
torriden-dive-in-cleansing-foam,Torriden Dive-In Low Molecular Hyaluronic Acid Cleansing Foam,토리든 다이브인 저분자 히알루론산 클렌징 폼,Torriden,cleanser,Korea,Water|Glycerin|Sodium Cocoyl Isethionate|Cocamidopropyl Betaine|Sodium Hyaluronate|Hyaluronic Acid|Panthenol|Allantoin,foam cleanser|hydrating|low irritation,dry|normal|combination|sensitive,hydration|barrier_support|redness,,15.0,4.5,900,https://torriden.us/products/dive-in-cleansing-foam,https://incidecoder.com/products/torriden-dive-in-low-molecular-hyaluronic-acid-cleansing-foam,2026-05-12,https://torriden.us/cdn/shop/files/01_99724da0-cdf3-4eba-bc6a-1b55fcfa0e45.jpg?v=1753418844&width=1920,https://torriden.us/products/dive-in-cleansing-foam,official,verified,single_product,https://www.oliveyoung.co.kr/store/search/getSearchMain.do?query=%ED%86%A0%EB%A6%AC%EB%93%A0%20%EB%8B%A4%EC%9D%B4%EB%B8%8C%EC%9D%B8%20%ED%81%B4%EB%A0%8C%EC%A7%95%ED%8F%BC,15000,https://torriden.us/products/dive-in-cleansing-foam,foam|dewy,2026-05-12 00:00 KST
round-lab-1025-dokdo-toner,Round Lab 1025 Dokdo Toner,라운드랩 1025 독도 토너,Round Lab,toner,Korea,Water|Butylene Glycol|Glycerin|Sea Water|Panthenol|Allantoin|Betaine,watery toner|daily toner|light exfoliation,sensitive|oily|combination|normal|dry,hydration|barrier_support|redness|texture,,17.0,4.6,3200,https://roundlab.com/products/1025-dokdo-toner,https://incidecoder.com/products/round-lab-1025-dokdo-toner-2,2026-05-12,https://roundlab.com/cdn/shop/files/Dokdo_Toner_2025.png?v=1772851199,https://roundlab.com/products/1025-dokdo-toner,official,verified,single_product,https://www.oliveyoung.co.kr/store/search/getSearchMain.do?query=%EB%9D%BC%EC%9A%B4%EB%93%9C%EB%9E%A9%201025%20%EB%8F%85%EB%8F%84%20%ED%86%A0%EB%84%88,17000,https://roundlab.com/products/1025-dokdo-toner,watery|lightweight,2026-05-12 00:00 KST
torriden-dive-in-low-molecular-hyaluronic-acid-toner,Torriden Dive-In Low Molecular Hyaluronic Acid Toner,토리든 다이브인 저분자 히알루론산 토너,Torriden,toner,Korea,Water|Butylene Glycol|Dipropylene Glycol|Glycerin|Sodium Hyaluronate|Hyaluronic Acid|Panthenol|Allantoin,watery toner|hydrating|low molecular hyaluronic acid,dry|normal|combination|sensitive,hydration|barrier_support|redness,,23.0,4.5,1200,https://torriden.us/products/dive-in-toner,https://incidecoder.com/products/torriden-dive-in-low-molecule-hyaluronic-acid-toner,2026-05-12,https://torriden.us/cdn/shop/files/01_6f34ac38-4c42-4eaf-bf72-e810b08b3d42.jpg?v=1753418783&width=1920,https://torriden.us/products/dive-in-toner,official,verified,single_product,https://www.oliveyoung.co.kr/store/search/getSearchMain.do?query=%ED%86%A0%EB%A6%AC%EB%93%A0%20%EB%8B%A4%EC%9D%B4%EB%B8%8C%EC%9D%B8%20%ED%86%A0%EB%84%88,23000,https://torriden.us/products/dive-in-toner,watery|dewy,2026-05-12 00:00 KST
abib-heartleaf-spot-pad-calming-touch,Abib Heartleaf Spot Pad Calming Touch,아비브 어성초 스팟 패드 카밍 터치,Abib,toner,Korea,Houttuynia Cordata Extract|Water|Glycerin|Butylene Glycol|Panthenol|Allantoin|Centella Asiatica Extract,toner pad|calming|heartleaf,sensitive|oily|combination|normal,redness|barrier_support|hydration|acne,,24.0,4.5,1900,https://en.abib.com/collections/skin-essentials/products/calming-touch,https://incidecoder.com/products/abib-heartleaf-spot-pad-calming-touch,2026-05-12,https://en.abib.com/cdn/shop/files/CT_ab985d23-5017-4a0a-897b-d342c25ef914.jpg?v=1765183451,https://en.abib.com/collections/skin-essentials/products/calming-touch,official,verified,single_product,https://www.oliveyoung.co.kr/store/search/getSearchMain.do?query=%EC%95%84%EB%B9%84%EB%B8%8C%20%EC%96%B4%EC%84%B1%EC%B4%88%20%EC%8A%A4%ED%8C%9F%20%ED%8C%A8%EB%93%9C,24000,https://en.abib.com/collections/skin-essentials/products/calming-touch,watery|lightweight,2026-05-12 00:00 KST
mediheal-madecassoside-blemish-pad,Mediheal Madecassoside Blemish Pad,메디힐 마데카소사이드 흔적 패드,Mediheal,toner,Korea,Water|Glycerin|Niacinamide|Madecassoside|Centella Asiatica Extract|Panthenol|Allantoin,toner pad|blemish care|soothing,sensitive|combination|normal|oily,redness|barrier_support|hyperpigmentation|hydration,,24.0,4.5,2500,https://medihealus.com/products/madecassoside-blemish-pad,https://incidecoder.com/products/mediheal-madecassoside-blemish-pad,2026-05-12,https://mediheal.com/cdn/shop/files/83.jpg?v=1762926412,https://medihealus.com/products/madecassoside-blemish-pad,official,verified,single_product,https://www.oliveyoung.co.kr/store/search/getSearchMain.do?query=%EB%A9%94%EB%94%94%ED%9E%90%20%EB%A7%88%EB%8D%B0%EC%B9%B4%EC%86%8C%EC%82%AC%EC%9D%B4%EB%93%9C%20%ED%9D%94%EC%A0%81%20%ED%8C%A8%EB%93%9C,24000,https://medihealus.com/products/madecassoside-blemish-pad,watery|lightweight,2026-05-12 00:00 KST
torriden-dive-in-serum,Torriden Dive-In Low Molecular Hyaluronic Acid Serum,토리든 다이브인 저분자 히알루론산 세럼,Torriden,serum,Korea,Water|Butylene Glycol|Glycerin|Sodium Hyaluronate|Hyaluronic Acid|Panthenol|Allantoin|Malachite Extract,hydrating serum|low molecular hyaluronic acid|watery,dry|normal|combination|sensitive,hydration|barrier_support|redness,,24.0,4.7,3300,https://torriden.us/products/dive-in-serum,https://incidecoder.com/products/torriden-dive-in-low-molecular-hyaluronic-acid-serum,2026-05-12,https://torriden.us/cdn/shop/files/DIVEINSerum1_631ac0e3-a77b-422a-a806-bf34477cac19.jpg?v=1753346213&width=1920,https://torriden.us/products/dive-in-serum,official,verified,single_product,https://www.oliveyoung.co.kr/store/search/getSearchMain.do?query=%ED%86%A0%EB%A6%AC%EB%93%A0%20%EB%8B%A4%EC%9D%B4%EB%B8%8C%EC%9D%B8%20%EC%84%B8%EB%9F%BC,24000,https://torriden.us/products/dive-in-serum,watery|dewy,2026-05-12 00:00 KST
mixsoon-bean-essence,Mixsoon Bean Essence,믹순 콩 에센스,Mixsoon,serum,Korea,Water|Glycerin|Glycine Soja Seed Extract|Lactobacillus Ferment|Pear Extract|Pomegranate Extract|Barley Seed Extract,essence|gentle exfoliation|glow,dry|normal|combination,hydration|texture|barrier_support,oily,35.0,4.4,1100,https://mixsoon.us/collections/by-benefits/products/mixsoon-bean-essence-50ml,https://incidecoder.com/products/mixsoon-bean-essence,2026-05-12,https://mixsoon.us/cdn/shop/files/beanessencebestseller.png?v=1766121901,https://mixsoon.us/collections/by-benefits/products/mixsoon-bean-essence-50ml,official,verified,single_product,https://www.oliveyoung.co.kr/store/search/getSearchMain.do?query=%EB%AF%B9%EC%88%9C%20%EC%BD%A9%20%EC%97%90%EC%84%BC%EC%8A%A4,35000,https://mixsoon.us/collections/by-benefits/products/mixsoon-bean-essence-50ml,dewy|gel,2026-05-12 00:00 KST
goodal-green-tangerine-vita-c-dark-spot-serum,Goodal Green Tangerine Vita C Dark Spot Care Serum,구달 청귤 비타C 잡티 케어 세럼,Goodal,serum,Korea,Water|Butylene Glycol|Niacinamide|Ascorbyl Glucoside|Citrus Tangerina Extract|Arbutin|Panthenol,vitamin c|dark spot care|glow,normal|combination|oily,hyperpigmentation|barrier_support|hydration,sensitive,28.0,4.5,2200,https://goodalcosmetic.jp/products/goodal-%E3%82%B0%E3%83%BC%E3%83%80%E3%83%AB-%E3%83%AA%E3%83%8B%E3%83%A5%E3%83%BC%E3%82%A2%E3%83%AB-%E3%82%B0%E3%83%AA%E3%83%BC%E3%83%B3%E3%82%BF%E3%83%B3%E3%82%B8%E3%82%A7%E3%83%AA%E3%83%B3%E3%83%93%E3%82%BFc%E3%82%B9%E3%83%9D%E3%83%83%E3%83%88%E3%82%B1%E3%82%A2%E3%82%BB%E3%83%A9%E3%83%A0-40ml-%E7%BE%8E%E5%AE%B9%E6%B6%B2-green-tangerine-vita-c-dark-spot-care-serum,https://incidecoder.com/products/goodal-green-tangerine-vita-c-dark-spot-serum,2026-05-12,https://goodalcosmetic.jp/cdn/shop/files/Main_sub_001_9ec9f244-cdc4-4262-a861-07fb852ffb7d.jpg?v=1697185957,https://goodalcosmetic.jp/products/goodal-%E3%82%B0%E3%83%BC%E3%83%80%E3%83%AB-%E3%83%AA%E3%83%8B%E3%83%A5%E3%83%BC%E3%82%A2%E3%83%AB-%E3%82%B0%E3%83%AA%E3%83%BC%E3%83%B3%E3%82%BF%E3%83%B3%E3%82%B8%E3%82%A7%E3%83%AA%E3%83%B3%E3%83%93%E3%82%BFc%E3%82%B9%E3%83%9D%E3%83%83%E3%83%88%E3%82%B1%E3%82%A2%E3%82%BB%E3%83%A9%E3%83%A0-40ml-%E7%BE%8E%E5%AE%B9%E6%B6%B2-green-tangerine-vita-c-dark-spot-care-serum,official,verified,verified_product,https://www.oliveyoung.co.kr/store/search/getSearchMain.do?query=%EA%B5%AC%EB%8B%AC%20%EC%B2%AD%EA%B7%A4%20%EB%B9%84%ED%83%80C%20%EC%9E%A1%ED%8B%B0%20%EC%BC%80%EC%96%B4%20%EC%84%B8%EB%9F%BC,28000,https://goodalcosmetic.jp/products/goodal-%E3%82%B0%E3%83%BC%E3%83%80%E3%83%AB-%E3%83%AA%E3%83%8B%E3%83%A5%E3%83%BC%E3%82%A2%E3%83%AB-%E3%82%B0%E3%83%AA%E3%83%BC%E3%83%B3%E3%82%BF%E3%83%B3%E3%82%B8%E3%82%A7%E3%83%AA%E3%83%B3%E3%83%93%E3%82%BFc%E3%82%B9%E3%83%9D%E3%83%83%E3%83%88%E3%82%B1%E3%82%A2%E3%82%BB%E3%83%A9%E3%83%A0-40ml-%E7%BE%8E%E5%AE%B9%E6%B6%B2-green-tangerine-vita-c-dark-spot-care-serum,lightweight|dewy,2026-05-12 00:00 KST
beauty-of-joseon-glow-serum-propolis-niacinamide,Beauty of Joseon Glow Serum Propolis + Niacinamide,조선미녀 글로우 세럼 프로폴리스 나이아신아마이드,Beauty of Joseon,serum,Korea,Propolis Extract|Niacinamide|Glycerin|Water|Betaine Salicylate|Tea Tree Extract|Centella Asiatica Extract,glow serum|propolis|niacinamide,oily|combination|normal,acne|oil_control|hyperpigmentation|hydration,salicylate_allergy,17.0,4.5,1800,https://beautyofjoseon.com/products/glow-serum-propolis-niacinamide,https://incidecoder.com/products/beauty-of-joseon-glow-serum,2026-05-12,https://beautyofjoseon.com/cdn/shop/files/glow-serum-propolis-niacinamide-1-front.webp?v=1770278801,https://beautyofjoseon.com/products/glow-serum-propolis-niacinamide,official,verified,single_product,https://www.oliveyoung.co.kr/store/search/getSearchMain.do?query=%EC%A1%B0%EC%84%A0%EB%AF%B8%EB%85%80%20%EA%B8%80%EB%A1%9C%EC%9A%B0%20%EC%84%B8%EB%9F%BC,17000,https://beautyofjoseon.com/products/glow-serum-propolis-niacinamide,lightweight|dewy,2026-05-12 00:00 KST
numbuzin-no-5-vitamin-concentrated-serum,Numbuzin No.5+ Vitamin Concentrated Serum,넘버즈인 5번 비타민 농축 세럼,Numbuzin,serum,Korea,Water|Niacinamide|Tranexamic Acid|Panthenol|Glutathione|Ascorbic Acid|Hippophae Rhamnoides Water,vitamin serum|tone care|dark spot care,normal|combination|oily,hyperpigmentation|barrier_support|hydration,sensitive,32.0,4.5,1700,https://us.numbuzin.com/products/no-5-vitamin-concentrated-serum,https://incidecoder.com/products/numbuzin-no-5-vitamin-concentrated-serum,2026-05-12,https://us.numbuzin.com/cdn/shop/files/260428___________04RD.jpg?v=1778034516&width=2048,https://us.numbuzin.com/products/no-5-vitamin-concentrated-serum,official,verified,verified_product,https://www.oliveyoung.co.kr/store/search/getSearchMain.do?query=%EB%84%98%EB%B2%84%EC%A6%88%EC%9D%B8%205%EB%B2%88%20%EB%B9%84%ED%83%80%EB%AF%BC%20%EB%86%8D%EC%B6%95%20%EC%84%B8%EB%9F%BC,32000,https://us.numbuzin.com/products/no-5-vitamin-concentrated-serum,lightweight|dewy,2026-05-12 00:00 KST
round-lab-pine-calming-cica-ampoule,Round Lab Pine Calming Cica Ampoule,라운드랩 소나무 진정 시카 앰플,Round Lab,serum,Korea,Water|Glycerin|Pinus Densiflora Leaf Extract|Centella Asiatica Extract|Madecassoside|Panthenol|Allantoin,cica ampoule|soothing|calming,sensitive|oily|combination|normal,redness|barrier_support|hydration|acne,,30.0,4.4,900,https://roundlab.com/products/pine-tree-cica-care-ampoule,https://incidecoder.com/products/round-lab-pine-calming-cica-ampoule,2026-05-12,https://roundlab.com/cdn/shop/files/pine-calming-cica-ampoule-round-lab-1.png?v=1772849532,https://roundlab.com/products/pine-tree-cica-care-ampoule,official,verified,single_product,https://www.oliveyoung.co.kr/store/search/getSearchMain.do?query=%EB%9D%BC%EC%9A%B4%EB%93%9C%EB%9E%A9%20%EC%86%8C%EB%82%98%EB%AC%B4%20%EC%A7%84%EC%A0%95%20%EC%8B%9C%EC%B9%B4%20%EC%95%B0%ED%94%8C,30000,https://roundlab.com/products/pine-tree-cica-care-ampoule,lightweight|dewy,2026-05-12 00:00 KST
illiyoon-ceramide-ato-concentrate-cream,Illiyoon Ceramide Ato Concentrate Cream,일리윤 세라마이드 아토 집중 크림,Illiyoon,moisturizer,Korea,Water|Glycerin|Butylene Glycol|Ceramide NP|Panthenol|Cholesterol|Stearic Acid,ceramide cream|barrier care|fragrance-free,dry|sensitive|normal|combination,barrier_support|hydration|dryness|redness,oily,20.0,4.7,4200,https://incidecoder.com/products/illiyoon-ceramide-ato-concentrate-cream-2027,https://incidecoder.com/products/illiyoon-ceramide-ato-concentrate-cream,2026-05-12,https://m.media-amazon.com/images/I/61j21yhbbnL._SL1500_.jpg,https://www.amazon.com/illiyoon-Ceramide-Concentrate-Cream-200ml/dp/B07L88G5ZD,retailer,verified,verified_product,https://www.oliveyoung.co.kr/store/search/getSearchMain.do?query=%EC%9D%BC%EB%A6%AC%EC%9C%A4%20%EC%84%B8%EB%9D%BC%EB%A7%88%EC%9D%B4%EB%93%9C%20%EC%95%84%ED%86%A0%20%EC%A7%91%EC%A4%91%20%ED%81%AC%EB%A6%BC,20000,https://incidecoder.com/products/illiyoon-ceramide-ato-concentrate-cream-2027,rich|cream,2026-05-12 00:00 KST
aestura-atobarrier-365-cream,Aestura Atobarrier 365 Cream,에스트라 아토베리어365 크림,Aestura,moisturizer,Korea,Water|Butylene Glycol|Glycerin|Squalane|Ceramide NP|Cholesterol|Fatty Acids|Panthenol,barrier cream|ceramide|sensitive skin,dry|sensitive|normal|combination,barrier_support|hydration|dryness|redness,oily,33.0,4.7,3600,https://int.aestura.com/products/atobarrier365-cream,https://incidecoder.com/products/aestura-atobarrier-365-cream-4,2026-05-12,https://int.aestura.com/cdn/shop/files/1_Atobarrier365-Cream_thumbnail_Product-80ml__1200x1200_961c8e7e-0afb-48bd-bea7-d47f285ab4d4.png?v=1734030421,https://int.aestura.com/products/atobarrier365-cream,official,verified,single_product,https://www.oliveyoung.co.kr/store/search/getSearchMain.do?query=%EC%97%90%EC%8A%A4%ED%8A%B8%EB%9D%BC%20%EC%95%84%ED%86%A0%EB%B2%A0%EB%A6%AC%EC%96%B4365%20%ED%81%AC%EB%A6%BC,33000,https://int.aestura.com/products/atobarrier365-cream,rich|cream,2026-05-12 00:00 KST
dr-g-red-blemish-clear-soothing-cream,Dr.G Red Blemish Clear Soothing Cream,닥터지 레드 블레미쉬 클리어 수딩 크림,Dr.G,moisturizer,Korea,Water|Glycerin|Butylene Glycol|Niacinamide|Panthenol|Centella Asiatica Extract|Madecassoside,soothing cream|gel cream|blemish care,oily|combination|sensitive|normal,redness|acne|barrier_support|hydration,,36.0,4.6,3000,https://dr-g.com/collections/moisturizer-hydration/products/dr-g-red-blemish-clear-soothing-cream,https://incidecoder.com/products/dr-g-red-blemish-clear-soothing-cream,2026-05-12,https://dr-g.com/cdn/shop/files/dr-g-global-moisturizers-creams-dr-g-r-e-d-blemish-clear-soothing-cream-70ml-1224157320_1200x1200.jpg?v=1772082008,https://dr-g.com/collections/moisturizer-hydration/products/dr-g-red-blemish-clear-soothing-cream,official,verified,single_product,https://www.oliveyoung.co.kr/store/search/getSearchMain.do?query=%EB%8B%A5%ED%84%B0%EC%A7%80%20%EB%A0%88%EB%93%9C%20%EB%B8%94%EB%A0%88%EB%AF%B8%EC%89%AC%20%ED%81%B4%EB%A6%AC%EC%96%B4%20%EC%88%98%EB%94%A9%20%ED%81%AC%EB%A6%BC,36000,https://dr-g.com/collections/moisturizer-hydration/products/dr-g-red-blemish-clear-soothing-cream,gel|lightweight,2026-05-12 00:00 KST
torriden-dive-in-soothing-cream,Torriden Dive-In Low Molecular Hyaluronic Acid Soothing Cream,토리든 다이브인 저분자 히알루론산 수딩 크림,Torriden,moisturizer,Korea,Water|Butylene Glycol|Glycerin|Sodium Hyaluronate|Hyaluronic Acid|Panthenol|Allantoin,soothing cream|hydrating|gel cream,dry|normal|combination|sensitive,hydration|barrier_support|redness,,24.0,4.6,1500,https://torriden.us/products/dive-in-soothing-cream,https://incidecoder.com/products/torriden-dive-in-low-molecular-hyaluronic-acid-soothing-cream,2026-05-12,https://torriden.us/cdn/shop/files/DIVEINSoothingCream-jar-1_64bb3003-ef23-44bd-bb46-0f50fae2eee7.jpg?v=1753346446&width=1920,https://torriden.us/products/dive-in-soothing-cream,official,verified,single_product,https://www.oliveyoung.co.kr/store/search/getSearchMain.do?query=%ED%86%A0%EB%A6%AC%EB%93%A0%20%EB%8B%A4%EC%9D%B4%EB%B8%8C%EC%9D%B8%20%EC%88%98%EB%94%A9%20%ED%81%AC%EB%A6%BC,24000,https://torriden.us/products/dive-in-soothing-cream,gel|dewy,2026-05-12 00:00 KST
round-lab-birch-juice-moisturizing-sunscreen,Round Lab Birch Juice Moisturizing Sunscreen,라운드랩 자작나무 수분 선크림,Round Lab,sunscreen,Korea,Water|Dibutyl Adipate|Propanediol|Niacinamide|Betula Platyphylla Japonica Juice|Hyaluronic Acid|Panthenol,spf50|moisturizing sunscreen|dewy,dry|normal|combination,hydration|barrier_support|hyperpigmentation,oily,28.0,4.6,4200,https://roundlab.com/products/birch-juice-moisturizing-sunscreen,https://incidecoder.com/products/round-lab-birch-juice-moisturizing-sun-cream,2026-05-12,https://roundlab.com/cdn/shop/files/Web_banner_2_2e4ecb22-a31e-488d-a5dd-214d706b20bc.png?v=1772852267,https://roundlab.com/products/birch-juice-moisturizing-sunscreen,official,verified,verified_product,https://www.oliveyoung.co.kr/store/search/getSearchMain.do?query=%EB%9D%BC%EC%9A%B4%EB%93%9C%EB%9E%A9%20%EC%9E%90%EC%9E%91%EB%82%98%EB%AC%B4%20%EC%88%98%EB%B6%84%20%EC%84%A0%ED%81%AC%EB%A6%BC,28000,https://roundlab.com/products/birch-juice-moisturizing-sunscreen,dewy|cream,2026-05-12 00:00 KST
skin1004-hyalu-cica-water-fit-sun-serum,SKIN1004 Hyalu-Cica Water-Fit Sun Serum,스킨1004 히알루시카 워터핏 선 세럼,SKIN1004,sunscreen,Korea,Water|Dibutyl Adipate|Propanediol|Niacinamide|Centella Asiatica Extract|Sodium Hyaluronate|Green Tea Extract,spf50|water-fit sunscreen|serum texture,dry|normal|combination|sensitive,hydration|barrier_support|redness|hyperpigmentation,,22.0,4.7,2800,https://www.skin1004.com/products/hyalu-cica-water-fit-sun-serum-uv,https://incidecoder.com/products/skin1004-hyalu-cica-water-fit-sun-serum,2026-05-12,https://www.skin1004.com/cdn/shop/files/skin1004-50ml-hyalu-cica-water-fit-sun-serum-uv-1204112543.png?v=1762764544,https://www.skin1004.com/products/hyalu-cica-water-fit-sun-serum-uv,official,verified,single_product,https://www.oliveyoung.co.kr/store/search/getSearchMain.do?query=%EC%8A%A4%ED%82%A81004%20%ED%9E%88%EC%95%8C%EB%A3%A8%EC%8B%9C%EC%B9%B4%20%EC%9B%8C%ED%84%B0%ED%95%8F%20%EC%84%A0%20%EC%84%B8%EB%9F%BC,22000,https://www.skin1004.com/products/hyalu-cica-water-fit-sun-serum-uv,lightweight|dewy,2026-05-12 00:00 KST
dr-g-green-mild-up-sun-plus,Dr.G Green Mild Up Sun+,닥터지 그린 마일드 업 선 플러스,Dr.G,sunscreen,Korea,Zinc Oxide|Water|Cyclohexasiloxane|Butylene Glycol|Centella Asiatica Extract|Panthenol,spf50|mineral sunscreen|mild,sensitive|oily|combination|normal,redness|barrier_support|oil_control,dry,28.0,4.5,2600,https://fda.report/DailyMed/30D49F24-3E13-385F-E063-6294A90AB5C8.pdf,https://incidecoder.com/products/dr-g-green-mild-up-sun-2,2026-05-12,,,none,,none,https://www.oliveyoung.co.kr/store/search/getSearchMain.do?query=%EB%8B%A5%ED%84%B0%EC%A7%80%20%EA%B7%B8%EB%A6%B0%20%EB%A7%88%EC%9D%BC%EB%93%9C%20%EC%97%85%20%EC%84%A0%20%ED%94%8C%EB%9F%AC%EC%8A%A4,28000,https://fda.report/DailyMed/30D49F24-3E13-385F-E063-6294A90AB5C8.pdf,lightweight|cream,2026-05-12 00:00 KST
haruharu-wonder-black-rice-airyfit-sunscreen,Haruharu Wonder Black Rice Airyfit Sunscreen,하루하루원더 블랙라이스 에어리핏 선스크린,Haruharu Wonder,sunscreen,Korea,Water|Dibutyl Adipate|Propanediol|Niacinamide|Oryza Sativa Extract|Houttuynia Cordata Extract|Adenosine,spf50|airyfit sunscreen|fragrance-free,oily|combination|normal|sensitive,oil_control|hydration|barrier_support|hyperpigmentation,,26.0,4.5,1300,https://haruharuwonder.com/products/haruharuwonder-black-rice-moisture-airyfit-daily-sunscreen-unscented-spf50-50ml,https://incidecoder.com/products/haruharu-wonder-black-rice-moisture-airyfit-daily-sunscreen,2026-05-12,https://haruharuwonder.com/cdn/shop/files/black_rice_moisture_airyfit_daily_sunscreen_SPF50_PA_50ml.jpg?v=1728323068,https://haruharuwonder.com/products/haruharuwonder-black-rice-moisture-airyfit-daily-sunscreen-unscented-spf50-50ml,official,verified,single_product,https://www.oliveyoung.co.kr/store/search/getSearchMain.do?query=%ED%95%98%EB%A3%A8%ED%95%98%EB%A3%A8%EC%9B%90%EB%8D%94%20%EB%B8%94%EB%9E%99%EB%9D%BC%EC%9D%B4%EC%8A%A4%20%EC%97%90%EC%96%B4%EB%A6%AC%ED%95%8F%20%EC%84%A0%EC%8A%A4%ED%81%AC%EB%A6%B0,26000,https://haruharuwonder.com/products/haruharuwonder-black-rice-moisture-airyfit-daily-sunscreen-unscented-spf50-50ml,lightweight|cream,2026-05-12 00:00 KST
anua-heartleaf-pore-control-cleansing-oil,Anua Heartleaf Pore Control Cleansing Oil,아누아 어성초 포어 컨트롤 클렌징 오일,Anua,cleanser,Korea,Ethylhexyl Palmitate|Sorbeth-30 Tetraoleate|Caprylic/Capric Triglyceride|Houttuynia Cordata Extract|Jojoba Seed Oil|Grape Seed Oil|Macadamia Seed Oil|Sunflower Seed Oil,cleansing oil|pore care|makeup removal,oily|combination|normal|dry,oil_control|clogged_pores|texture,sensitive,21.0,4.6,1600,https://anua.com/products/heartleaf-pore-control-cleansing-oil-200ml?_pos=7&_sid=bb6201def&_ss=r,https://incidecoder.com/products/anua-heartleaf-pore-control-cleansing-oil,2026-05-12,https://anua.com/cdn/shop/files/anua-us-cleanser-200ml-heartleaf-pore-control-cleansing-oil-1161173153.png?v=1746610889&width=2048,https://anua.com/products/heartleaf-pore-control-cleansing-oil-200ml?_pos=7&_sid=bb6201def&_ss=r,official,verified,single_product,https://www.oliveyoung.co.kr/store/search/getSearchMain.do?query=%EC%95%84%EB%88%84%EC%95%84%20%EC%96%B4%EC%84%B1%EC%B4%88%20%ED%8F%AC%EC%96%B4%20%EC%BB%A8%ED%8A%B8%EB%A1%A4%20%ED%81%B4%EB%A0%8C%EC%A7%95%20%EC%98%A4%EC%9D%BC,28000,https://anua.com/products/heartleaf-pore-control-cleansing-oil-200ml?_pos=7&_sid=bb6201def&_ss=r,oil|lightweight,2026-05-12 00:00 KST
beauty-of-joseon-green-plum-refreshing-cleanser,Beauty of Joseon Green Plum Refreshing Cleanser,조선미녀 청매실 약산성 클렌저,Beauty of Joseon,cleanser,Korea,Water|Glycerin|Disodium Cocoamphodiacetate|Coco-Betaine|Sodium Methyl Cocoyl Taurate|Prunus Mume Fruit Water|Vigna Radiata Seed Extract|Camellia Sinensis Leaf Extract,low pH|gel cleanser|refreshing,oily|combination|normal|sensitive,oil_control|hydration|barrier_support,,18.0,4.6,1200,https://beautyofjoseon.com/products/green-plum-refreshing-cleanser,https://incidecoder.com/products/beauty-of-joseon-green-plum-refreshing-cleanser,2026-05-12,https://beautyofjoseon.com/cdn/shop/files/green-plum-refreshing-cleanser-1-front.webp?v=1770618132,https://beautyofjoseon.com/products/green-plum-refreshing-cleanser,official,verified,single_product,https://www.oliveyoung.co.kr/store/search/getSearchMain.do?query=%EC%A1%B0%EC%84%A0%EB%AF%B8%EB%85%80%20%EC%B2%AD%EB%A7%A4%EC%8B%A4%20%EC%95%BD%EC%82%B0%EC%84%B1%20%ED%81%B4%EB%A0%8C%EC%A0%80,18000,https://beautyofjoseon.com/products/green-plum-refreshing-cleanser,gel|lightweight,2026-05-12 00:00 KST
round-lab-birch-juice-moisturizing-cleanser,Round Lab Birch Juice Moisturizing Cleanser,라운드랩 자작나무 수분 클렌저,Round Lab,cleanser,Korea,Water|Glycerin|Sodium Cocoyl Alaninate|Lauryl Hydroxysultaine|Betula Platyphylla Japonica Juice|Sodium Hyaluronate|Hyaluronic Acid|Ascorbic Acid,moisturizing cleanser|low pH|fragrance-free,dry|normal|combination|sensitive,hydration|barrier_support|redness,,17.0,4.9,83,https://www.ulta.com/p/birch-juice-moisturizing-cleanser-pimprod2049655?sku=2636334,https://incidecoder.com/products/round-lab-birch-juice-moisturizing-cleanser,2026-05-12,https://media.ulta.com/i/ulta/2636334?w=500&h=500,https://www.ulta.com/p/birch-juice-moisturizing-cleanser-pimprod2049655?sku=2636334,retailer,verified,verified_product,https://www.oliveyoung.co.kr/store/search/getSearchMain.do?query=%EB%9D%BC%EC%9A%B4%EB%93%9C%EB%9E%A9%20%EC%9E%90%EC%9E%91%EB%82%98%EB%AC%B4%20%EC%88%98%EB%B6%84%20%ED%81%B4%EB%A0%8C%EC%A0%80,17000,https://www.ulta.com/p/birch-juice-moisturizing-cleanser-pimprod2049655?sku=2636334,gel|dewy,2026-05-12 00:00 KST
anua-heartleaf-77-clear-pad,Anua Heartleaf 77 Clear Pad,아누아 어성초 77 클리어 패드,Anua,toner,Korea,Houttuynia Cordata Extract|Water|Gluconolactone|Propanediol|Butylene Glycol|Betaine|Centella Asiatica Extract|Madecassoside,toner pad|PHA|heartleaf,oily|combination|sensitive|normal,texture|clogged_pores|redness|acne,,24.0,4.7,980,https://anua.com/products/heartleaf-77-toner-pad-160ml,https://incidecoder.com/products/anua-heartleaf-77-clear-pad,2026-05-12,https://anua.global/cdn/shop/files/anua-global-toner-205ml-70ea-heartleaf-77-toner-pad-1174046483.png?v=1750324542&width=2048,https://anua.com/products/heartleaf-77-toner-pad-160ml,official,verified,single_product,https://www.oliveyoung.co.kr/store/search/getSearchMain.do?query=%EC%95%84%EB%88%84%EC%95%84%20%EC%96%B4%EC%84%B1%EC%B4%88%2077%20%ED%81%B4%EB%A6%AC%EC%96%B4%20%ED%8C%A8%EB%93%9C,24000,https://anua.com/products/heartleaf-77-toner-pad-160ml,watery|lightweight,2026-05-12 00:00 KST
needly-daily-toner-pad,Needly Daily Toner Pad,니들리 데일리 토너 패드,Needly,toner,Korea,Water|Glycerin|Butylene Glycol|Betaine Salicylate|Panthenol|Allantoin|Centella Asiatica Extract|Tea Tree Leaf Extract,toner pad|exfoliating|daily pad,oily|combination|normal,texture|clogged_pores|oil_control|acne,salicylate_allergy,26.0,4.5,1400,https://needly.us/products/daily-toner-pad,https://incidecoder.com/products/needly-daily-toner-pad,2026-05-12,,,none,,none,https://www.oliveyoung.co.kr/store/search/getSearchMain.do?query=%EB%8B%88%EB%93%A4%EB%A6%AC%20%EB%8D%B0%EC%9D%BC%EB%A6%AC%20%ED%86%A0%EB%84%88%20%ED%8C%A8%EB%93%9C,26000,https://needly.us/products/daily-toner-pad,watery|lightweight,2026-05-12 00:00 KST
tirtir-milk-skin-toner,TIRTIR Milk Skin Toner,티르티르 밀크 스킨 토너,TIRTIR,toner,Korea,Water|Glycerin|Butylene Glycol|Niacinamide|Oryza Sativa Bran Extract|Chamomile Flower Extract|Panthenol|Ceramide NP,milk toner|glow|barrier care,dry|normal|combination|sensitive,hydration|barrier_support|redness|hyperpigmentation,oily,25.0,4.6,2100,https://tirtir.us/products/milk-skin-toner,https://incidecoder.com/products/tirtir-milk-skin-toner,2026-05-12,https://tirtir.global/cdn/shop/files/8_30db1d99-f6f2-4762-9bc3-4e761c933acc.png?v=1770347983,https://tirtir.us/products/milk-skin-toner,official,verified,single_product,https://www.oliveyoung.co.kr/store/search/getSearchMain.do?query=%ED%8B%B0%EB%A5%B4%ED%8B%B0%EB%A5%B4%20%EB%B0%80%ED%81%AC%20%EC%8A%A4%ED%82%A8%20%ED%86%A0%EB%84%88,29000,https://tirtir.us/products/milk-skin-toner,dewy|rich,2026-05-12 00:00 KST
im-from-rice-toner,I'm From Rice Toner,아임프롬 라이스 토너,I'm From,toner,Korea,Rice Extract|Methylpropanediol|Triethylhexanoin|Niacinamide|Pentylene Glycol|Rice Bran Extract|Adenosine|Butylene Glycol,rice toner|glow|hydrating,dry|normal|combination,hydration|hyperpigmentation|barrier_support,oily,28.0,4.6,1800,https://www.ulta.com/p/rice-toner-pimprod2051769?sku=2642147,https://incidecoder.com/products/im-from-rice-toner-6,2026-05-12,https://media.ulta.com/i/ulta/2642147?w=500&h=500,https://www.ulta.com/p/rice-toner-pimprod2051769?sku=2642147,retailer,verified,verified_product,https://www.oliveyoung.co.kr/store/search/getSearchMain.do?query=%EC%95%84%EC%9E%84%ED%94%84%EB%A1%AC%20%EB%9D%BC%EC%9D%B4%EC%8A%A4%20%ED%86%A0%EB%84%88,28000,https://www.ulta.com/p/rice-toner-pimprod2051769?sku=2642147,dewy|watery,2026-05-12 00:00 KST
anua-niacinamide-10-txa-4-serum,Anua Niacinamide 10 TXA 4 Serum,아누아 나이아신아마이드 10 TXA 4 세럼,Anua,serum,Korea,Water|Glycerin|Niacinamide|Tranexamic Acid|Butylene Glycol|Arbutin|Sodium Hyaluronate|Panthenol|Ceramide NP|Betaine Salicylate,dark spot serum|niacinamide|tranexamic acid,normal|combination|oily,hyperpigmentation|barrier_support|hydration|acne,sensitive|salicylate_allergy,24.0,4.7,605,https://anua.com/products/niacinamide-10-txa-4-serum-2?_pos=2&_psq=txa&_ss=e&_v=1.0,https://incidecoder.com/products/anua-niacinamide-10-txa-4-serum,2026-05-12,https://anua.com/cdn/shop/files/anua-us-ampoule-serum-30ml-niacinamide-10-txa-4-serum-1161173091.png?v=1763979435&width=2048,https://anua.com/products/niacinamide-10-txa-4-serum-2?_pos=2&_psq=txa&_ss=e&_v=1.0,official,verified,single_product,https://www.oliveyoung.co.kr/store/search/getSearchMain.do?query=%EC%95%84%EB%88%84%EC%95%84%20%EB%82%98%EC%9D%B4%EC%95%84%EC%8B%A0%EC%95%84%EB%A7%88%EC%9D%B4%EB%93%9C%2010%20TXA%204%20%EC%84%B8%EB%9F%BC,32000,https://anua.com/products/niacinamide-10-txa-4-serum-2?_pos=2&_psq=txa&_ss=e&_v=1.0,lightweight|dewy,2026-05-12 00:00 KST
manyo-bifida-biome-complex-ampoule,ma:nyo Bifida Biome Complex Ampoule,마녀공장 비피다 바이옴 콤플렉스 앰플,ma:nyo,serum,Korea,Bifida Ferment Lysate|Butylene Glycol|Glycerin|Niacinamide|Panthenol|Adenosine|Hyaluronic Acid|Ceramide NP,bifida ampoule|barrier care|elasticity,dry|normal|combination|sensitive,barrier_support|hydration|anti_aging|redness,,42.0,4.6,1700,https://manyo.us/products/bifida-biome-complex-ampoule,https://incidecoder.com/products/manyo-bifida-biome-complex-ampoule,2026-05-12,https://manyo.us/cdn/shop/files/bifida_biome_ampoule_2025.png?v=1753809824,https://manyo.us/products/bifida-biome-complex-ampoule,official,verified,single_product,https://www.oliveyoung.co.kr/store/search/getSearchMain.do?query=%EB%A7%88%EB%85%80%EA%B3%B5%EC%9E%A5%20%EB%B9%84%ED%94%BC%EB%8B%A4%20%EB%B0%94%EC%9D%B4%EC%98%B4%20%EC%BD%A4%ED%94%8C%EB%A0%89%EC%8A%A4%20%EC%95%B0%ED%94%8C,42000,https://manyo.us/products/bifida-biome-complex-ampoule,dewy|lightweight,2026-05-12 00:00 KST
dr-g-red-blemish-soothing-ampoule,Dr.G R.E.D Blemish Soothing Ampoule,닥터지 레드 블레미쉬 수딩 앰플,Dr.G,serum,Korea,Water|Saccharomyces/Nelumbo Nucifera Ferment Extract Filtrate|Glycerin|Butylene Glycol|Niacinamide|Panthenol|Lactic Acid|Rosemary Extract,soothing ampoule|blemish care|lightweight,oily|combination|sensitive|normal,redness|acne|barrier_support|hydration,fragrance_sensitive,33.0,4.4,800,https://incidecoder.com/products/dr-g-r-e-d-blemish-soothing-ampoule,https://incidecoder.com/products/dr-g-r-e-d-blemish-soothing-ampoule,2026-05-12,,,none,,none,https://www.oliveyoung.co.kr/store/search/getSearchMain.do?query=%EB%8B%A5%ED%84%B0%EC%A7%80%20%EB%A0%88%EB%93%9C%20%EB%B8%94%EB%A0%88%EB%AF%B8%EC%89%AC%20%EC%88%98%EB%94%A9%20%EC%95%B0%ED%94%8C,33000,https://incidecoder.com/products/dr-g-r-e-d-blemish-soothing-ampoule,lightweight|dewy,2026-05-12 00:00 KST
isntree-tw-real-bifida-ampoule,Isntree TW-Real Bifida Ampoule,이즈앤트리 TW 리얼 비피다 앰플,Isntree,serum,Korea,Bifida Ferment Lysate|Lactobacillus Ferment|Niacinamide|Adenosine|Panthenol|Sodium Hyaluronate|Beta-Glucan|Allantoin,bifida ampoule|barrier care|anti-aging,dry|normal|combination|sensitive,barrier_support|hydration|anti_aging|redness,,28.0,4.5,900,https://isntree-global.com/products/isntree-tw-real-bifida-ampoule-50ml,https://incidecoder.com/products/isntree-tw-real-bifida-ampoule,2026-05-12,https://isntree-global.com/cdn/shop/files/Thum_TW-Real_BifidaAmpoule.png?v=1776317224,https://isntree-global.com/products/isntree-tw-real-bifida-ampoule-50ml,official,verified,single_product,https://www.oliveyoung.co.kr/store/search/getSearchMain.do?query=%EC%9D%B4%EC%A6%88%EC%95%A4%ED%8A%B8%EB%A6%AC%20TW%20%EB%A6%AC%EC%96%BC%20%EB%B9%84%ED%94%BC%EB%8B%A4%20%EC%95%B0%ED%94%8C,28000,https://isntree-global.com/products/isntree-tw-real-bifida-ampoule-50ml,lightweight|dewy,2026-05-12 00:00 KST
haruharu-wonder-black-rice-hyaluronic-toner,Haruharu Wonder Black Rice Hyaluronic Toner,하루하루원더 블랙라이스 히알루론산 토너,Haruharu Wonder,toner,Korea,Water|Betaine|Glycerin|Propanediol|Oryza Sativa Extract|Bamboo Shoot Bark Extract|Hyaluronic Acid|Beta-Glucan|Lavender Oil|Limonene|Linalool,hyaluronic toner|black rice|hydrating,dry|normal|combination,hydration|barrier_support|redness,fragrance_sensitive,18.0,4.6,1100,https://haruharuwonder.com/products/haruharuwonder-black-rice-hyaluronic-toner?variant=46561792229625,https://incidecoder.com/products/haruharu-wonder-black-rice-hyaluronic-toner,2026-05-12,https://haruharuwonder.com/cdn/shop/files/150ml_11e70ee9-f850-4fe7-8e7e-a960590e938d.jpg?v=1751443548,https://haruharuwonder.com/products/haruharuwonder-black-rice-hyaluronic-toner?variant=46561792229625,official,verified,single_product,https://www.oliveyoung.co.kr/store/search/getSearchMain.do?query=%ED%95%98%EB%A3%A8%ED%95%98%EB%A3%A8%EC%9B%90%EB%8D%94%20%EB%B8%94%EB%9E%99%EB%9D%BC%EC%9D%B4%EC%8A%A4%20%ED%9E%88%EC%95%8C%EB%A3%A8%EB%A1%A0%EC%82%B0%20%ED%86%A0%EB%84%88,26000,https://haruharuwonder.com/products/haruharuwonder-black-rice-hyaluronic-toner?variant=46561792229625,watery|dewy,2026-05-12 00:00 KST
round-lab-birch-juice-moisturizing-cream,Round Lab Birch Juice Moisturizing Cream,라운드랩 자작나무 수분 크림,Round Lab,moisturizer,Korea,Water|Glycerin|Butylene Glycol|Betula Platyphylla Japonica Juice|Sodium Hyaluronate|Hyaluronic Acid|Panthenol|Allantoin,moisturizing cream|birch juice|gel cream,dry|normal|combination|sensitive,hydration|barrier_support|redness,oily,28.0,4.7,1400,https://www.ulta.com/p/birch-juice-moisturizing-cream-pimprod2049656?sku=2636336,https://incidecoder.com/products/round-lab-birch-juice-moisturizing-cream,2026-05-12,https://media.ulta.com/i/ulta/2636335?w=500&h=500,https://www.ulta.com/p/birch-juice-moisturizing-cream-pimprod2049656?sku=2636336,retailer,verified,verified_product,https://www.oliveyoung.co.kr/store/search/getSearchMain.do?query=%EB%9D%BC%EC%9A%B4%EB%93%9C%EB%9E%A9%20%EC%9E%90%EC%9E%91%EB%82%98%EB%AC%B4%20%EC%88%98%EB%B6%84%20%ED%81%AC%EB%A6%BC,28000,https://www.ulta.com/p/birch-juice-moisturizing-cream-pimprod2049656?sku=2636336,gel|dewy,2026-05-12 00:00 KST
skin1004-probio-cica-enrich-cream,SKIN1004 Probio-Cica Enrich Cream,스킨1004 프로바이오시카 인리치 크림,SKIN1004,moisturizer,Korea,Centella Asiatica Extract|Glycerin|Butylene Glycol|Macadamia Seed Oil|Lactobacillus Ferment|Ceramide NP|Phytosterols|Panthenol,cica cream|barrier care|rich cream,dry|sensitive|normal|combination,barrier_support|hydration|redness|dryness,oily,32.0,4.7,1500,https://www.skin1004.com/products/probio-cica-enrich-cream,https://www.skin1004.com/products/probio-cica-enrich-cream,2026-05-12,https://www.skin1004.com/cdn/shop/files/skin1004-cream-probio-cica-enrich-cream-40032154747126.png?v=1709706716,https://www.skin1004.com/products/probio-cica-enrich-cream,official,verified,single_product,https://www.oliveyoung.co.kr/store/search/getSearchMain.do?query=%EC%8A%A4%ED%82%A81004%20%ED%94%84%EB%A1%9C%EB%B0%94%EC%9D%B4%EC%98%A4%EC%8B%9C%EC%B9%B4%20%EC%9D%B8%EB%A6%AC%EC%B9%98%20%ED%81%AC%EB%A6%BC,32000,https://www.skin1004.com/products/probio-cica-enrich-cream,rich|cream,2026-05-12 00:00 KST
anua-heartleaf-70-intense-calming-cream,Anua Heartleaf 70 Intense Calming Cream,아누아 어성초 70 인텐스 카밍 크림,Anua,moisturizer,Korea,Houttuynia Cordata Extract|Cetearyl Alcohol|Glycerin|Butylene Glycol|Panthenol|Cholesterol|Ceramide NP|Adenosine,calming cream|ceramide|fragrance-free,dry|sensitive|normal|combination,redness|barrier_support|hydration|dryness,oily,26.0,4.8,181,https://anua.com/products/heartleaf-70-intense-calming-cream-50ml,https://incidecoder.com/products/anua-heartleaf-70-intense-calming-cream,2026-05-12,https://anua.com/cdn/shop/files/anua-us-moisturizer-50ml-heartleaf-70-intense-calming-cream-1161173106.png?v=1746610061&width=2048,https://anua.com/products/heartleaf-70-intense-calming-cream-50ml,official,verified,single_product,https://www.oliveyoung.co.kr/store/search/getSearchMain.do?query=%EC%95%84%EB%88%84%EC%95%84%20%EC%96%B4%EC%84%B1%EC%B4%88%2070%20%EC%9D%B8%ED%85%90%EC%8A%A4%20%EC%B9%B4%EB%B0%8D%20%ED%81%AC%EB%A6%BC,32000,https://anua.com/products/heartleaf-70-intense-calming-cream-50ml,cream|rich,2026-05-12 00:00 KST
beauty-of-joseon-dynasty-cream,Beauty of Joseon Dynasty Cream,조선미녀 왕조 크림,Beauty of Joseon,moisturizer,Korea,Water|Oryza Sativa Rice Bran Water|Glycerin|Squalane|Niacinamide|Panax Ginseng Root Water|Honey Extract|Ceramide NP,cream|glow|rice bran water,dry|normal|combination,hydration|barrier_support|hyperpigmentation|anti_aging,oily,24.0,4.7,2600,https://beautyofjoseon.com/products/dynasty-cream,https://incidecoder.com/products/beauty-of-joseon-dynasty-cream,2026-05-12,https://beautyofjoseon.com/cdn/shop/files/dynasty-cream-1-front.webp?v=1770618339,https://beautyofjoseon.com/products/dynasty-cream,official,verified,single_product,https://www.oliveyoung.co.kr/store/search/getSearchMain.do?query=%EC%A1%B0%EC%84%A0%EB%AF%B8%EB%85%80%20%EC%99%95%EC%A1%B0%20%ED%81%AC%EB%A6%BC,24000,https://beautyofjoseon.com/products/dynasty-cream,cream|dewy,2026-05-12 00:00 KST
anua-heartleaf-silky-moisture-sun-cream,Anua Heartleaf Silky Moisture Sun Cream,아누아 어성초 실키 모이스처 선크림,Anua,sunscreen,Korea,Water|Dibutyl Adipate|Propanediol|Niacinamide|Houttuynia Cordata Extract|Sodium Hyaluronate|Panthenol|Adenosine,spf50|moisturizing sunscreen|fragrance-free,normal|combination|dry|sensitive,hydration|barrier_support|redness|hyperpigmentation,,23.0,4.7,79,https://dailymed.nlm.nih.gov/dailymed/drugInfo.cfm?setid=1eab0227-dc57-34d3-e063-6394a90a1bf9,https://incidecoder.com/products/anua-heartleaf-silky-moisture-sunscreen,2026-05-12,,,none,,none,https://www.oliveyoung.co.kr/store/search/getSearchMain.do?query=%EC%95%84%EB%88%84%EC%95%84%20%EC%96%B4%EC%84%B1%EC%B4%88%20%EC%8B%A4%ED%82%A4%20%EB%AA%A8%EC%9D%B4%EC%8A%A4%EC%B2%98%20%EC%84%A0%ED%81%AC%EB%A6%BC,26000,https://anua.com/products/heartleaf-silky-moisture-sunscreen-50ml?_fid=2dc4a6db3&_pos=1&_ss=c,cream|dewy,2026-05-12 00:00 KST
isntree-onion-newpair-sunscreen,Isntree Onion Newpair Sunscreen,이즈앤트리 어니언 뉴페어 선스크린,Isntree,sunscreen,Korea,Water|Dibutyl Adipate|Propanediol|Niacinamide|Allium Cepa Onion Bulb Extract|Panthenol|Tranexamic Acid|Sodium Hyaluronate,spf50|tone care sunscreen|purple sunscreen,normal|combination|oily,hyperpigmentation|redness|hydration|barrier_support,sensitive,24.0,4.5,700,https://isntree-global.com/products/isntree-onion-newpair-sunscreen-50ml,https://incidecoder.com/products/isntree-onion-newpair-sunscreen,2026-05-12,https://isntree-global.com/cdn/shop/files/Thum_Onion_Newpair_Purple_Sunscreen.png?v=1776244990,https://isntree-global.com/products/isntree-onion-newpair-sunscreen-50ml,official,verified,single_product,https://www.oliveyoung.co.kr/store/search/getSearchMain.do?query=%EC%9D%B4%EC%A6%88%EC%95%A4%ED%8A%B8%EB%A6%AC%20%EC%96%B4%EB%8B%88%EC%96%B8%20%EB%89%B4%ED%8E%98%EC%96%B4%20%EC%84%A0%EC%8A%A4%ED%81%AC%EB%A6%B0,24000,https://isntree-global.com/products/isntree-onion-newpair-sunscreen-50ml,cream|lightweight,2026-05-12 00:00 KST
beauty-of-joseon-matte-sun-stick-mugwort-camelia,Beauty of Joseon Matte Sun Stick Mugwort + Camelia,조선미녀 매트 선스틱 쑥 동백,Beauty of Joseon,sunscreen,Korea,Methyl Methacrylate Crosspolymer|Synthetic Wax|Dibutyl Adipate|Silica|Camellia Japonica Seed Oil|Artemisia Capillaris Extract|Green Tea Extract|Hyaluronic Acid|Panthenol,spf50|sun stick|matte,oily|combination|normal,oil_control|hyperpigmentation|hydration,dry,18.0,4.8,710,https://www.marksandspencer.com/matte-sun-stick-mugwort-camelia-18g/p/hbp61218671,https://incidecoder.com/products/beauty-of-joseon-matte-sun-stick-mugwort-camelia,2026-05-12,"https://assets.digitalcontent.marksandspencer.app/image/upload/q_auto,f_auto/MS_07_T23_7702F_NC_X_EC_0",https://www.marksandspencer.com/matte-sun-stick-mugwort-camelia-18g/p/hbp61218671,retailer,verified,verified_product,https://www.oliveyoung.co.kr/store/search/getSearchMain.do?query=%EC%A1%B0%EC%84%A0%EB%AF%B8%EB%85%80%20%EB%A7%A4%ED%8A%B8%20%EC%84%A0%EC%8A%A4%ED%8B%B1%20%EC%91%A5%20%EB%8F%99%EB%B0%B1,18000,https://beautyofjoseon.com/products/matte-sun-stick-mugwort-camelia?variant=43638493085861,lightweight|matte,2026-05-12 00:00 KST
torriden-dive-in-watery-moisture-sun-cream,Torriden Dive-In Watery Moisture Sun Cream,토리든 다이브인 워터리 수분 선크림,Torriden,sunscreen,Korea,Water|Dibutyl Adipate|Propanediol|Niacinamide|Sodium Hyaluronate|Hyaluronic Acid|Panthenol|Allantoin|Malachite Extract,spf50|watery sunscreen|hydrating,dry|normal|combination|sensitive,hydration|barrier_support|redness|hyperpigmentation,,24.0,4.6,1100,https://www.torriden.com/goods/goods_view.php?goodsNo=173,https://incidecoder.com/products/torriden-dive-in-watery-moisture-sun-cream,2026-05-12,https://godomall.speedycdn.net/da837ee8391f23f50944038b4c4e5c1e/goods/173/image/detail/173_detail_010.jpg,https://www.torriden.com/goods/goods_view.php?goodsNo=173,official,verified,verified_product,https://www.oliveyoung.co.kr/store/search/getSearchMain.do?query=%ED%86%A0%EB%A6%AC%EB%93%A0%20%EB%8B%A4%EC%9D%B4%EB%B8%8C%EC%9D%B8%20%EC%9B%8C%ED%84%B0%EB%A6%AC%20%EC%88%98%EB%B6%84%20%EC%84%A0%ED%81%AC%EB%A6%BC,24000,https://www.torriden.com/goods/goods_view.php?goodsNo=173,watery|dewy,2026-05-12 00:00 KST
